epoch,time,train/box_loss,train/cls_loss,train/dfl_loss,metrics/precision(B),metrics/recall(B),metrics/mAP50(B),metrics/mAP50-95(B),val/box_loss,val/cls_loss,val/dfl_loss,lr/pg0,lr/pg1,lr/pg2
1,47.262,1.74815,4.75174,1.80823,0.01553,0.17324,0.02478,0.01333,1.56218,4.17574,1.44511,2.5e-05,2.5e-05,2.5e-05
2,92.0841,1.72709,4.88669,1.60948,0.01553,0.17324,0.02374,0.01307,1.5543,4.17107,1.44121,6.12625e-05,6.12625e-05,6.12625e-05
3,134.252,1.74727,4.67919,1.74932,0.01415,0.1766,0.02282,0.01245,1.54119,4.1659,1.43345,9.604e-05,9.604e-05,9.604e-05
4,192.65,1.59326,4.23128,1.64902,0.22414,0.48937,0.27206,0.15653,1.32579,4.19269,1.25156,0.000129332,0.000129332,0.000129332
5,234.483,1.55197,3.26892,1.4214,0.26002,0.49057,0.18843,0.06893,1.61973,10.6418,1.44867,0.00016114,0.00016114,0.00016114
